"rules","support","confidence","coverage","lift","count"
"1","{} => {TP=1}",0.355963302752294,0.355963302752294,1,1,194
"2","{Time=15} => {TP=1}",0.0073394495412844,0.5,0.0146788990825688,1.40463917525773,4
"3","{Time=9} => {TP=1}",0.0055045871559633,0.3,0.018348623853211,0.842783505154639,3
"4","{Time=12} => {TP=1}",0.0073394495412844,0.333333333333333,0.0220183486238532,0.936426116838488,4
"5","{Time=21} => {TP=1}",0.0073394495412844,0.333333333333333,0.0220183486238532,0.936426116838488,4
"6","{Time=17} => {TP=1}",0.0128440366972477,0.538461538461538,0.0238532110091743,1.51268834258525,7
"7","{Time=20} => {TP=1}",0.0146788990825688,0.615384615384615,0.0238532110091743,1.72878667724029,8
"8","{Time=22} => {TP=1}",0.0110091743119266,0.4,0.0275229357798165,1.12371134020619,6
"9","{Time=11} => {TP=1}",0.0110091743119266,0.375,0.0293577981651376,1.0534793814433,6
"10","{Time=14} => {TP=1}",0.0220183486238532,0.705882352941177,0.0311926605504587,1.98302001212856,12
"11","{Time=4} => {TP=1}",0.018348623853211,0.5,0.036697247706422,1.40463917525773,10
"12","{Time=19} => {TP=1}",0.0146788990825688,0.333333333333333,0.0440366972477064,0.936426116838488,8
"13","{Time=3} => {TP=1}",0.0201834862385321,0.44,0.0458715596330275,1.2360824742268,11
"14","{Time=2} => {TP=1}",0.018348623853211,0.357142857142857,0.0513761467889908,1.00331369661267,10
"15","{Time=18} => {TP=1}",0.0275229357798165,0.483870967741935,0.0568807339449541,1.35932823412039,15
"16","{Time=1} => {TP=1}",0.0201834862385321,0.305555555555556,0.0660550458715596,0.858390607101947,11
"17","{Time=23} => {TP=1}",0.0220183486238532,0.307692307692308,0.0715596330275229,0.864393338620143,12
"18","{Time=0} => {TP=1}",0.0348623853211009,0.333333333333333,0.104587155963303,0.936426116838488,19
"19","{Time=5} => {TP=1}",0.0385321100917431,0.344262295081967,0.111926605504587,0.967128612472537,21
"20","{Pair=XAUUSD} => {TP=1}",0.0788990825688073,0.333333333333333,0.236697247706422,0.936426116838488,43
"21","{Pair=AUDNZD} => {TP=1}",0.110091743119266,0.441176470588235,0.24954128440367,1.23938750758035,60
"22","{Pair=EURCAD} => {TP=1}",0.0844036697247706,0.333333333333333,0.253211009174312,0.936426116838488,46
"23","{Pair=GBPJPY} => {TP=1}",0.0825688073394495,0.316901408450704,0.260550458715596,0.890264266008422,45
"24","{Local Correct=1} => {TP=1}",0.170642201834862,0.484375,0.352293577981651,1.36074420103093,93
"25","{Global Correct=0} => {TP=1}",0.190825688073395,0.392452830188679,0.486238532110092,1.10250923944758,104
"26","{Global Correct=1} => {TP=1}",0.165137614678899,0.321428571428571,0.513761467889908,0.902982326951399,90
"27","{Pair=EURCAD,Time=10} => {TP=1}",0.0018348623853211,0.333333333333333,0.0055045871559633,0.936426116838488,1
"28","{Pair=AUDNZD,Time=13} => {TP=1}",0.0036697247706422,0.4,0.00917431192660551,1.12371134020619,2
"29","{Time=13,Global Correct=1} => {TP=1}",0.0018348623853211,0.5,0.0036697247706422,1.40463917525773,1
"30","{Time=13,Local Correct=0} => {TP=1}",0.0018348623853211,0.333333333333333,0.0055045871559633,0.936426116838488,1
"31","{Pair=AUDNZD,Time=15} => {TP=1}",0.0036697247706422,0.4,0.00917431192660551,1.12371134020619,2
"32","{Pair=GBPJPY,Time=15} => {TP=1}",0.0036697247706422,1,0.0036697247706422,2.80927835051546,2
"33","{Time=15,Local Correct=1} => {TP=1}",0.0018348623853211,1,0.0018348623853211,2.80927835051546,1
"34","{Time=15,Global Correct=0} => {TP=1}",0.0018348623853211,0.333333333333333,0.0055045871559633,0.936426116838488,1
"35","{Time=15,Global Correct=1} => {TP=1}",0.0055045871559633,0.6,0.00917431192660551,1.68556701030928,3
"36","{Time=15,Local Correct=0} => {TP=1}",0.0055045871559633,0.428571428571429,0.0128440366972477,1.2039764359352,3
"37","{Pair=XAUUSD,Time=9} => {TP=1}",0.0018348623853211,0.333333333333333,0.0055045871559633,0.936426116838488,1
"38","{Pair=EURCAD,Time=9} => {TP=1}",0.0018348623853211,0.5,0.0036697247706422,1.40463917525773,1
"39","{Pair=GBPJPY,Time=9} => {TP=1}",0.0018348623853211,0.5,0.0036697247706422,1.40463917525773,1
"40","{Time=9,Global Correct=0} => {TP=1}",0.0036697247706422,0.4,0.00917431192660551,1.12371134020619,2
"41","{Time=9,Local Correct=0} => {TP=1}",0.0055045871559633,0.5,0.0110091743119266,1.40463917525773,3
"42","{Pair=XAUUSD,Time=8} => {TP=1}",0.0036697247706422,1,0.0036697247706422,2.80927835051546,2
"43","{Time=8,Local Correct=1} => {TP=1}",0.0055045871559633,1,0.0055045871559633,2.80927835051546,3
"44","{Time=8,Global Correct=0} => {TP=1}",0.0055045871559633,0.375,0.0146788990825688,1.0534793814433,3
"45","{Pair=AUDNZD,Time=12} => {TP=1}",0.0055045871559633,0.6,0.00917431192660551,1.68556701030928,3
"46","{Pair=EURCAD,Time=12} => {TP=1}",0.0018348623853211,0.333333333333333,0.0055045871559633,0.936426116838488,1
"47","{Time=12,Local Correct=1} => {TP=1}",0.0055045871559633,0.428571428571429,0.0128440366972477,1.2039764359352,3
"48","{Time=12,Global Correct=1} => {TP=1}",0.0055045871559633,0.6,0.00917431192660551,1.68556701030928,3
"49","{Pair=XAUUSD,Time=21} => {TP=1}",0.0018348623853211,0.333333333333333,0.0055045871559633,0.936426116838488,1
"50","{Pair=AUDNZD,Time=21} => {TP=1}",0.0036697247706422,0.666666666666667,0.0055045871559633,1.87285223367698,2
"51","{Pair=GBPJPY,Time=21} => {TP=1}",0.0018348623853211,0.333333333333333,0.0055045871559633,0.936426116838488,1
"52","{Time=21,Local Correct=1} => {TP=1}",0.0036697247706422,0.4,0.00917431192660551,1.12371134020619,2
"53","{Time=21,Global Correct=0} => {TP=1}",0.0036697247706422,0.4,0.00917431192660551,1.12371134020619,2
"54","{Pair=EURCAD,Time=17} => {TP=1}",0.0018348623853211,1,0.0018348623853211,2.80927835051546,1
"55","{Pair=GBPJPY,Time=17} => {TP=1}",0.00917431192660551,0.714285714285714,0.0128440366972477,2.00662739322533,5
"56","{Time=17,Local Correct=1} => {TP=1}",0.00917431192660551,0.555555555555556,0.0165137614678899,1.56071019473081,5
"57","{Time=17,Global Correct=0} => {TP=1}",0.0110091743119266,0.857142857142857,0.0128440366972477,2.4079528718704,6
"58","{Time=17,Local Correct=0} => {TP=1}",0.0036697247706422,0.5,0.0073394495412844,1.40463917525773,2
"59","{Pair=XAUUSD,Time=20} => {TP=1}",0.0018348623853211,1,0.0018348623853211,2.80927835051546,1
"60","{Pair=AUDNZD,Time=20} => {TP=1}",0.0055045871559633,1,0.0055045871559633,2.80927835051546,3
"61","{Pair=GBPJPY,Time=20} => {TP=1}",0.0055045871559633,0.6,0.00917431192660551,1.68556701030928,3
"62","{Time=20,Local Correct=1} => {TP=1}",0.0055045871559633,0.6,0.00917431192660551,1.68556701030928,3
"63","{Time=20,Global Correct=0} => {TP=1}",0.0055045871559633,0.6,0.00917431192660551,1.68556701030928,3
"64","{Time=20,Global Correct=1} => {TP=1}",0.00917431192660551,0.625,0.0146788990825688,1.75579896907216,5
"65","{Time=20,Local Correct=0} => {TP=1}",0.00917431192660551,0.625,0.0146788990825688,1.75579896907216,5
"66","{Pair=XAUUSD,Time=22} => {TP=1}",0.0036697247706422,0.4,0.00917431192660551,1.12371134020619,2
"67","{Pair=AUDNZD,Time=22} => {TP=1}",0.0036697247706422,1,0.0036697247706422,2.80927835051546,2
"68","{Pair=EURCAD,Time=22} => {TP=1}",0.0018348623853211,1,0.0018348623853211,2.80927835051546,1
"69","{Time=22,Local Correct=1} => {TP=1}",0.00917431192660551,0.833333333333333,0.0110091743119266,2.34106529209622,5
"70","{Time=22,Global Correct=0} => {TP=1}",0.0055045871559633,0.5,0.0110091743119266,1.40463917525773,3
"71","{Time=22,Global Correct=1} => {TP=1}",0.0055045871559633,0.333333333333333,0.0165137614678899,0.936426116838488,3
"72","{Pair=AUDNZD,Time=11} => {TP=1}",0.00917431192660551,0.714285714285714,0.0128440366972477,2.00662739322533,5
"73","{Time=11,Local Correct=1} => {TP=1}",0.0055045871559633,0.75,0.0073394495412844,2.1069587628866,3
"74","{Time=11,Global Correct=1} => {TP=1}",0.00917431192660551,0.5,0.018348623853211,1.40463917525773,5
"75","{Pair=AUDNZD,Time=14} => {TP=1}",0.018348623853211,0.714285714285714,0.0256880733944954,2.00662739322533,10
"76","{Pair=EURCAD,Time=14} => {TP=1}",0.0018348623853211,1,0.0018348623853211,2.80927835051546,1
"77","{Pair=GBPJPY,Time=14} => {TP=1}",0.0018348623853211,0.5,0.0036697247706422,1.40463917525773,1
"78","{Time=14,Local Correct=1} => {TP=1}",0.0128440366972477,0.875,0.0146788990825688,2.45811855670103,7
"79","{Time=14,Global Correct=0} => {TP=1}",0.0110091743119266,0.666666666666667,0.0165137614678899,1.87285223367698,6
"80","{Time=14,Global Correct=1} => {TP=1}",0.0110091743119266,0.75,0.0146788990825688,2.1069587628866,6
"81","{Time=14,Local Correct=0} => {TP=1}",0.00917431192660551,0.555555555555556,0.0165137614678899,1.56071019473081,5
"82","{Pair=XAUUSD,Time=4} => {TP=1}",0.0036697247706422,0.4,0.00917431192660551,1.12371134020619,2
"83","{Pair=AUDNZD,Time=4} => {TP=1}",0.0036697247706422,0.666666666666667,0.0055045871559633,1.87285223367698,2
"84","{Pair=EURCAD,Time=4} => {TP=1}",0.0073394495412844,0.5,0.0146788990825688,1.40463917525773,4
"85","{Pair=GBPJPY,Time=4} => {TP=1}",0.0036697247706422,0.5,0.0073394495412844,1.40463917525773,2
"86","{Time=4,Local Correct=1} => {TP=1}",0.0055045871559633,0.75,0.0073394495412844,2.1069587628866,3
"87","{Time=4,Global Correct=0} => {TP=1}",0.0073394495412844,0.363636363636364,0.0201834862385321,1.02155576382381,4
"88","{Time=4,Global Correct=1} => {TP=1}",0.0110091743119266,0.666666666666667,0.0165137614678899,1.87285223367698,6
"89","{Time=4,Local Correct=0} => {TP=1}",0.0128440366972477,0.4375,0.0293577981651376,1.22905927835052,7
"90","{Pair=XAUUSD,Time=19} => {TP=1}",0.0055045871559633,0.5,0.0110091743119266,1.40463917525773,3
"91","{Pair=EURCAD,Time=19} => {TP=1}",0.0055045871559633,0.375,0.0146788990825688,1.0534793814433,3
"92","{Time=19,Local Correct=1} => {TP=1}",0.0073394495412844,0.363636363636364,0.0201834862385321,1.02155576382381,4
"93","{Time=19,Global Correct=0} => {TP=1}",0.00917431192660551,0.454545454545455,0.0201834862385321,1.27694470477976,5
"94","{Time=19,Local Correct=0} => {TP=1}",0.0073394495412844,0.307692307692308,0.0238532110091743,0.864393338620143,4
"95","{Pair=AUDNZD,Time=3} => {TP=1}",0.0055045871559633,0.5,0.0110091743119266,1.40463917525773,3
"96","{Pair=EURCAD,Time=3} => {TP=1}",0.00917431192660551,0.5,0.018348623853211,1.40463917525773,5
"97","{Pair=GBPJPY,Time=3} => {TP=1}",0.0055045871559633,0.5,0.0110091743119266,1.40463917525773,3
"98","{Time=3,Local Correct=1} => {TP=1}",0.0146788990825688,0.615384615384615,0.0238532110091743,1.72878667724029,8
"99","{Time=3,Global Correct=1} => {TP=1}",0.0146788990825688,0.571428571428571,0.0256880733944954,1.60530191458026,8
"100","{Pair=XAUUSD,Time=2} => {TP=1}",0.0036697247706422,0.666666666666667,0.0055045871559633,1.87285223367698,2
"101","{Pair=AUDNZD,Time=2} => {TP=1}",0.0055045871559633,0.428571428571429,0.0128440366972477,1.2039764359352,3
"102","{Time=2,Local Correct=1} => {TP=1}",0.0110091743119266,0.6,0.018348623853211,1.68556701030928,6
"103","{Time=2,Global Correct=1} => {TP=1}",0.0146788990825688,0.421052631578947,0.0348623853211009,1.1828540423223,8
"104","{Pair=AUDNZD,Time=18} => {TP=1}",0.0110091743119266,0.6,0.018348623853211,1.68556701030928,6
"105","{Pair=EURCAD,Time=18} => {TP=1}",0.0018348623853211,1,0.0018348623853211,2.80927835051546,1
"106","{Pair=GBPJPY,Time=18} => {TP=1}",0.00917431192660551,0.714285714285714,0.0128440366972477,2.00662739322533,5
"107","{Time=18,Local Correct=1} => {TP=1}",0.0146788990825688,0.615384615384615,0.0238532110091743,1.72878667724029,8
"108","{Time=18,Global Correct=0} => {TP=1}",0.0220183486238532,0.545454545454545,0.0403669724770642,1.53233364573571,12
"109","{Time=18,Global Correct=1} => {TP=1}",0.0055045871559633,0.333333333333333,0.0165137614678899,0.936426116838488,3
"110","{Time=18,Local Correct=0} => {TP=1}",0.0128440366972477,0.388888888888889,0.0330275229357798,1.09249713631157,7
"111","{Pair=XAUUSD,Time=6} => {TP=1}",0.0036697247706422,0.333333333333333,0.0110091743119266,0.936426116838488,2
"112","{Pair=EURCAD,Time=6} => {TP=1}",0.0073394495412844,0.307692307692308,0.0238532110091743,0.864393338620143,4
"113","{Pair=AUDNZD,Time=1} => {TP=1}",0.0055045871559633,1,0.0055045871559633,2.80927835051546,3
"114","{Pair=EURCAD,Time=1} => {TP=1}",0.0055045871559633,0.428571428571429,0.0128440366972477,1.2039764359352,3
"115","{Time=1,Global Correct=0} => {TP=1}",0.0128440366972477,0.538461538461538,0.0238532110091743,1.51268834258525,7
"116","{Time=1,Local Correct=0} => {TP=1}",0.0146788990825688,0.347826086956522,0.0422018348623853,0.977140295831466,8
"117","{Pair=XAUUSD,Time=23} => {TP=1}",0.0110091743119266,0.375,0.0293577981651376,1.0534793814433,6
"118","{Pair=AUDNZD,Time=23} => {TP=1}",0.0018348623853211,1,0.0018348623853211,2.80927835051546,1
"119","{Time=23,Local Correct=1} => {TP=1}",0.0146788990825688,0.533333333333333,0.0275229357798165,1.49828178694158,8
"120","{Time=23,Global Correct=0} => {TP=1}",0.0146788990825688,0.32,0.0458715596330275,0.898969072164948,8
"121","{Pair=EURCAD,Time=7} => {TP=1}",0.00917431192660551,0.357142857142857,0.0256880733944954,1.00331369661267,5
"122","{Pair=XAUUSD,Time=0} => {TP=1}",0.0055045871559633,0.333333333333333,0.0165137614678899,0.936426116838488,3
"123","{Pair=AUDNZD,Time=0} => {TP=1}",0.0055045871559633,0.3,0.018348623853211,0.842783505154639,3
"124","{Pair=EURCAD,Time=0} => {TP=1}",0.0110091743119266,0.315789473684211,0.0348623853211009,0.887140531741725,6
"125","{Pair=GBPJPY,Time=0} => {TP=1}",0.0128440366972477,0.368421052631579,0.0348623853211009,1.03499728703201,7
"126","{Time=0,Local Correct=1} => {TP=1}",0.0146788990825688,0.421052631578947,0.0348623853211009,1.1828540423223,8
"127","{Time=0,Global Correct=0} => {TP=1}",0.018348623853211,0.384615384615385,0.0477064220183486,1.08049167327518,10
"128","{Pair=XAUUSD,Time=5} => {TP=1}",0.0201834862385321,0.458333333333333,0.0440366972477064,1.28758591065292,11
"129","{Pair=AUDNZD,Time=5} => {TP=1}",0.0073394495412844,0.363636363636364,0.0201834862385321,1.02155576382381,4
"130","{Time=5,Local Correct=1} => {TP=1}",0.0146788990825688,0.380952380952381,0.0385321100917431,1.07020127638684,8
"131","{Time=5,Global Correct=0} => {TP=1}",0.0238532110091743,0.448275862068966,0.0532110091743119,1.259331674369,13
"132","{Time=5,Local Correct=0} => {TP=1}",0.0238532110091743,0.325,0.073394495412844,0.913015463917526,13
"133","{Pair=XAUUSD,Local Correct=1} => {TP=1}",0.0330275229357798,0.382978723404255,0.0862385321100917,1.07589383636762,18
"134","{Pair=XAUUSD,Global Correct=0} => {TP=1}",0.0348623853211009,0.316666666666667,0.110091743119266,0.889604810996564,19
"135","{Pair=XAUUSD,Global Correct=1} => {TP=1}",0.0440366972477064,0.347826086956522,0.126605504587156,0.977140295831466,24
"136","{Pair=XAUUSD,Local Correct=0} => {TP=1}",0.0458715596330275,0.304878048780488,0.15045871559633,0.856487301986422,25
"137","{Pair=AUDNZD,Local Correct=1} => {TP=1}",0.055045871559633,0.576923076923077,0.0954128440366973,1.62073750991277,30
"138","{Pair=AUDNZD,Global Correct=0} => {TP=1}",0.0623853211009174,0.5,0.124770642201835,1.40463917525773,34
"139","{Pair=AUDNZD,Global Correct=1} => {TP=1}",0.0477064220183486,0.382352941176471,0.124770642201835,1.07413583990297,26
"140","{Pair=AUDNZD,Local Correct=0} => {TP=1}",0.055045871559633,0.357142857142857,0.154128440366972,1.00331369661267,30
"141","{Pair=EURCAD,Local Correct=1} => {TP=1}",0.036697247706422,0.476190476190476,0.0770642201834862,1.33775159548355,20
"142","{Pair=EURCAD,Global Correct=0} => {TP=1}",0.0477064220183486,0.371428571428571,0.128440366972477,1.04344624447717,26
"143","{Pair=GBPJPY,Local Correct=1} => {TP=1}",0.0458715596330275,0.490196078431373,0.0935779816513762,1.37709723064484,25
"144","{Pair=GBPJPY,Global Correct=0} => {TP=1}",0.0458715596330275,0.373134328358209,0.122935779816514,1.04823819049084,25
"145","{Local Correct=1,Global Correct=0} => {TP=1}",0.0972477064220184,0.519607843137255,0.187155963302752,1.45972306448353,53
"146","{Local Correct=1,Global Correct=1} => {TP=1}",0.073394495412844,0.444444444444444,0.165137614678899,1.24856815578465,40
"147","{Local Correct=0,Global Correct=0} => {TP=1}",0.0935779816513762,0.312883435582822,0.299082568807339,0.878976661817722,51
"148","{Pair=EURCAD,Time=10,Global Correct=0} => {TP=1}",0.0018348623853211,0.333333333333333,0.0055045871559633,0.936426116838488,1
"149","{Pair=EURCAD,Time=10,Local Correct=0} => {TP=1}",0.0018348623853211,0.333333333333333,0.0055045871559633,0.936426116838488,1
"150","{Pair=AUDNZD,Time=13,Local Correct=1} => {TP=1}",0.0018348623853211,0.333333333333333,0.0055045871559633,0.936426116838488,1
"151","{Pair=AUDNZD,Time=13,Global Correct=0} => {TP=1}",0.0018348623853211,0.333333333333333,0.0055045871559633,0.936426116838488,1
"152","{Pair=AUDNZD,Time=13,Global Correct=1} => {TP=1}",0.0018348623853211,0.5,0.0036697247706422,1.40463917525773,1
"153","{Pair=AUDNZD,Time=13,Local Correct=0} => {TP=1}",0.0018348623853211,0.5,0.0036697247706422,1.40463917525773,1
"154","{Time=13,Local Correct=1,Global Correct=0} => {TP=1}",0.0018348623853211,0.333333333333333,0.0055045871559633,0.936426116838488,1
"155","{Time=13,Local Correct=0,Global Correct=1} => {TP=1}",0.0018348623853211,1,0.0018348623853211,2.80927835051546,1
"156","{Pair=AUDNZD,Time=15,Global Correct=0} => {TP=1}",0.0018348623853211,0.333333333333333,0.0055045871559633,0.936426116838488,1
"157","{Pair=AUDNZD,Time=15,Global Correct=1} => {TP=1}",0.0018348623853211,0.5,0.0036697247706422,1.40463917525773,1
"158","{Pair=AUDNZD,Time=15,Local Correct=0} => {TP=1}",0.0036697247706422,0.4,0.00917431192660551,1.12371134020619,2
"159","{Pair=GBPJPY,Time=15,Local Correct=1} => {TP=1}",0.0018348623853211,1,0.0018348623853211,2.80927835051546,1
"160","{Pair=GBPJPY,Time=15,Global Correct=1} => {TP=1}",0.0036697247706422,1,0.0036697247706422,2.80927835051546,2
"161","{Pair=GBPJPY,Time=15,Local Correct=0} => {TP=1}",0.0018348623853211,1,0.0018348623853211,2.80927835051546,1
"162","{Time=15,Local Correct=1,Global Correct=1} => {TP=1}",0.0018348623853211,1,0.0018348623853211,2.80927835051546,1
"163","{Time=15,Local Correct=0,Global Correct=0} => {TP=1}",0.0018348623853211,0.333333333333333,0.0055045871559633,0.936426116838488,1
"164","{Time=15,Local Correct=0,Global Correct=1} => {TP=1}",0.0036697247706422,0.5,0.0073394495412844,1.40463917525773,2
"165","{Pair=XAUUSD,Time=9,Global Correct=1} => {TP=1}",0.0018348623853211,0.5,0.0036697247706422,1.40463917525773,1
"166","{Pair=XAUUSD,Time=9,Local Correct=0} => {TP=1}",0.0018348623853211,0.5,0.0036697247706422,1.40463917525773,1
"167","{Pair=EURCAD,Time=9,Global Correct=0} => {TP=1}",0.0018348623853211,1,0.0018348623853211,2.80927835051546,1
"168","{Pair=EURCAD,Time=9,Local Correct=0} => {TP=1}",0.0018348623853211,1,0.0018348623853211,2.80927835051546,1
"169","{Pair=GBPJPY,Time=9,Global Correct=0} => {TP=1}",0.0018348623853211,0.5,0.0036697247706422,1.40463917525773,1
"170","{Pair=GBPJPY,Time=9,Local Correct=0} => {TP=1}",0.0018348623853211,1,0.0018348623853211,2.80927835051546,1
"171","{Time=9,Local Correct=0,Global Correct=0} => {TP=1}",0.0036697247706422,0.666666666666667,0.0055045871559633,1.87285223367698,2
"172","{Time=9,Local Correct=0,Global Correct=1} => {TP=1}",0.0018348623853211,0.333333333333333,0.0055045871559633,0.936426116838488,1
"173","{Pair=XAUUSD,Time=8,Local Correct=1} => {TP=1}",0.0036697247706422,1,0.0036697247706422,2.80927835051546,2
"174","{Pair=XAUUSD,Time=8,Global Correct=0} => {TP=1}",0.0036697247706422,1,0.0036697247706422,2.80927835051546,2
"175","{Pair=EURCAD,Time=8,Local Correct=1} => {TP=1}",0.0018348623853211,1,0.0018348623853211,2.80927835051546,1
"176","{Time=8,Local Correct=1,Global Correct=0} => {TP=1}",0.0055045871559633,1,0.0055045871559633,2.80927835051546,3
"177","{Pair=AUDNZD,Time=12,Local Correct=1} => {TP=1}",0.0036697247706422,0.5,0.0073394495412844,1.40463917525773,2
"178","{Pair=AUDNZD,Time=12,Global Correct=0} => {TP=1}",0.0018348623853211,0.333333333333333,0.0055045871559633,0.936426116838488,1
"179","{Pair=AUDNZD,Time=12,Global Correct=1} => {TP=1}",0.0036697247706422,1,0.0036697247706422,2.80927835051546,2
"180","{Pair=AUDNZD,Time=12,Local Correct=0} => {TP=1}",0.0018348623853211,1,0.0018348623853211,2.80927835051546,1
"181","{Pair=EURCAD,Time=12,Local Correct=1} => {TP=1}",0.0018348623853211,1,0.0018348623853211,2.80927835051546,1
"182","{Pair=EURCAD,Time=12,Global Correct=1} => {TP=1}",0.0018348623853211,0.5,0.0036697247706422,1.40463917525773,1
"183","{Time=12,Local Correct=1,Global Correct=1} => {TP=1}",0.0036697247706422,0.666666666666667,0.0055045871559633,1.87285223367698,2
"184","{Time=12,Local Correct=0,Global Correct=1} => {TP=1}",0.0018348623853211,0.5,0.0036697247706422,1.40463917525773,1
"185","{Pair=XAUUSD,Time=21,Global Correct=0} => {TP=1}",0.0018348623853211,0.5,0.0036697247706422,1.40463917525773,1
"186","{Pair=XAUUSD,Time=21,Local Correct=0} => {TP=1}",0.0018348623853211,1,0.0018348623853211,2.80927835051546,1
"187","{Pair=AUDNZD,Time=21,Local Correct=1} => {TP=1}",0.0036697247706422,0.666666666666667,0.0055045871559633,1.87285223367698,2
"188","{Pair=AUDNZD,Time=21,Global Correct=0} => {TP=1}",0.0018348623853211,1,0.0018348623853211,2.80927835051546,1
"189","{Pair=AUDNZD,Time=21,Global Correct=1} => {TP=1}",0.0018348623853211,0.5,0.0036697247706422,1.40463917525773,1
"190","{Pair=GBPJPY,Time=21,Global Correct=1} => {TP=1}",0.0018348623853211,0.333333333333333,0.0055045871559633,0.936426116838488,1
"191","{Pair=GBPJPY,Time=21,Local Correct=0} => {TP=1}",0.0018348623853211,0.333333333333333,0.0055045871559633,0.936426116838488,1
"192","{Time=21,Local Correct=1,Global Correct=0} => {TP=1}",0.0018348623853211,0.5,0.0036697247706422,1.40463917525773,1
"193","{Time=21,Local Correct=1,Global Correct=1} => {TP=1}",0.0018348623853211,0.333333333333333,0.0055045871559633,0.936426116838488,1
"194","{Time=21,Local Correct=0,Global Correct=0} => {TP=1}",0.0018348623853211,0.333333333333333,0.0055045871559633,0.936426116838488,1
"195","{Pair=AUDNZD,Time=17,Local Correct=1} => {TP=1}",0.0018348623853211,0.333333333333333,0.0055045871559633,0.936426116838488,1
"196","{Pair=AUDNZD,Time=17,Global Correct=0} => {TP=1}",0.0018348623853211,0.5,0.0036697247706422,1.40463917525773,1
"197","{Pair=EURCAD,Time=17,Local Correct=1} => {TP=1}",0.0018348623853211,1,0.0018348623853211,2.80927835051546,1
"198","{Pair=EURCAD,Time=17,Global Correct=0} => {TP=1}",0.0018348623853211,1,0.0018348623853211,2.80927835051546,1
"199","{Pair=GBPJPY,Time=17,Local Correct=1} => {TP=1}",0.0055045871559633,0.6,0.00917431192660551,1.68556701030928,3
"200","{Pair=GBPJPY,Time=17,Global Correct=0} => {TP=1}",0.0073394495412844,1,0.0073394495412844,2.80927835051546,4
"201","{Pair=GBPJPY,Time=17,Global Correct=1} => {TP=1}",0.0018348623853211,0.333333333333333,0.0055045871559633,0.936426116838488,1
"202","{Pair=GBPJPY,Time=17,Local Correct=0} => {TP=1}",0.0036697247706422,1,0.0036697247706422,2.80927835051546,2
"203","{Time=17,Local Correct=1,Global Correct=0} => {TP=1}",0.00917431192660551,1,0.00917431192660551,2.80927835051546,5
"204","{Time=17,Local Correct=0,Global Correct=0} => {TP=1}",0.0018348623853211,0.5,0.0036697247706422,1.40463917525773,1
"205","{Time=17,Local Correct=0,Global Correct=1} => {TP=1}",0.0018348623853211,0.5,0.0036697247706422,1.40463917525773,1
"206","{Pair=XAUUSD,Time=20,Local Correct=1} => {TP=1}",0.0018348623853211,1,0.0018348623853211,2.80927835051546,1
"207","{Pair=XAUUSD,Time=20,Global Correct=1} => {TP=1}",0.0018348623853211,1,0.0018348623853211,2.80927835051546,1
"208","{Pair=AUDNZD,Time=20,Local Correct=1} => {TP=1}",0.0018348623853211,1,0.0018348623853211,2.80927835051546,1
"209","{Pair=AUDNZD,Time=20,Global Correct=0} => {TP=1}",0.0018348623853211,1,0.0018348623853211,2.80927835051546,1
"210","{Pair=AUDNZD,Time=20,Global Correct=1} => {TP=1}",0.0036697247706422,1,0.0036697247706422,2.80927835051546,2
"211","{Pair=AUDNZD,Time=20,Local Correct=0} => {TP=1}",0.0036697247706422,1,0.0036697247706422,2.80927835051546,2
"212","{Pair=EURCAD,Time=20,Global Correct=0} => {TP=1}",0.0018348623853211,0.333333333333333,0.0055045871559633,0.936426116838488,1
"213","{Pair=EURCAD,Time=20,Local Correct=0} => {TP=1}",0.0018348623853211,0.333333333333333,0.0055045871559633,0.936426116838488,1
"214","{Pair=GBPJPY,Time=20,Local Correct=1} => {TP=1}",0.0018348623853211,0.5,0.0036697247706422,1.40463917525773,1
"215","{Pair=GBPJPY,Time=20,Global Correct=0} => {TP=1}",0.0018348623853211,1,0.0018348623853211,2.80927835051546,1
"216","{Pair=GBPJPY,Time=20,Global Correct=1} => {TP=1}",0.0036697247706422,0.5,0.0073394495412844,1.40463917525773,2
"217","{Pair=GBPJPY,Time=20,Local Correct=0} => {TP=1}",0.0036697247706422,0.666666666666667,0.0055045871559633,1.87285223367698,2
"218","{Time=20,Local Correct=1,Global Correct=0} => {TP=1}",0.0036697247706422,0.666666666666667,0.0055045871559633,1.87285223367698,2
"219","{Time=20,Local Correct=1,Global Correct=1} => {TP=1}",0.0018348623853211,0.5,0.0036697247706422,1.40463917525773,1
"220","{Time=20,Local Correct=0,Global Correct=0} => {TP=1}",0.0018348623853211,0.5,0.0036697247706422,1.40463917525773,1
"221","{Time=20,Local Correct=0,Global Correct=1} => {TP=1}",0.0073394495412844,0.666666666666667,0.0110091743119266,1.87285223367698,4
"222","{Pair=XAUUSD,Time=22,Local Correct=1} => {TP=1}",0.0036697247706422,1,0.0036697247706422,2.80927835051546,2
"223","{Pair=XAUUSD,Time=22,Global Correct=1} => {TP=1}",0.0036697247706422,0.666666666666667,0.0055045871559633,1.87285223367698,2
"224","{Pair=AUDNZD,Time=22,Local Correct=1} => {TP=1}",0.0036697247706422,1,0.0036697247706422,2.80927835051546,2
"225","{Pair=AUDNZD,Time=22,Global Correct=0} => {TP=1}",0.0036697247706422,1,0.0036697247706422,2.80927835051546,2
"226","{Pair=EURCAD,Time=22,Global Correct=1} => {TP=1}",0.0018348623853211,1,0.0018348623853211,2.80927835051546,1
"227","{Pair=EURCAD,Time=22,Local Correct=0} => {TP=1}",0.0018348623853211,1,0.0018348623853211,2.80927835051546,1
"228","{Pair=GBPJPY,Time=22,Local Correct=1} => {TP=1}",0.0018348623853211,0.5,0.0036697247706422,1.40463917525773,1
"229","{Pair=GBPJPY,Time=22,Global Correct=0} => {TP=1}",0.0018348623853211,0.5,0.0036697247706422,1.40463917525773,1
"230","{Time=22,Local Correct=1,Global Correct=0} => {TP=1}",0.0055045871559633,0.75,0.0073394495412844,2.1069587628866,3
"231","{Time=22,Local Correct=1,Global Correct=1} => {TP=1}",0.0036697247706422,1,0.0036697247706422,2.80927835051546,2
"232","{Pair=AUDNZD,Time=11,Local Correct=1} => {TP=1}",0.0055045871559633,1,0.0055045871559633,2.80927835051546,3
"233","{Pair=AUDNZD,Time=11,Global Correct=0} => {TP=1}",0.0018348623853211,0.333333333333333,0.0055045871559633,0.936426116838488,1
"234","{Pair=AUDNZD,Time=11,Global Correct=1} => {TP=1}",0.0073394495412844,1,0.0073394495412844,2.80927835051546,4
"235","{Pair=AUDNZD,Time=11,Local Correct=0} => {TP=1}",0.0036697247706422,0.5,0.0073394495412844,1.40463917525773,2
"236","{Time=11,Local Correct=1,Global Correct=1} => {TP=1}",0.0055045871559633,1,0.0055045871559633,2.80927835051546,3
"237","{Pair=AUDNZD,Time=14,Local Correct=1} => {TP=1}",0.00917431192660551,1,0.00917431192660551,2.80927835051546,5
"238","{Pair=AUDNZD,Time=14,Global Correct=0} => {TP=1}",0.0110091743119266,0.75,0.0146788990825688,2.1069587628866,6
"239","{Pair=AUDNZD,Time=14,Global Correct=1} => {TP=1}",0.0073394495412844,0.666666666666667,0.0110091743119266,1.87285223367698,4
"240","{Pair=AUDNZD,Time=14,Local Correct=0} => {TP=1}",0.00917431192660551,0.555555555555556,0.0165137614678899,1.56071019473081,5
"241","{Pair=EURCAD,Time=14,Local Correct=1} => {TP=1}",0.0018348623853211,1,0.0018348623853211,2.80927835051546,1
"242","{Pair=EURCAD,Time=14,Global Correct=1} => {TP=1}",0.0018348623853211,1,0.0018348623853211,2.80927835051546,1
"243","{Pair=GBPJPY,Time=14,Local Correct=1} => {TP=1}",0.0018348623853211,0.5,0.0036697247706422,1.40463917525773,1
"244","{Pair=GBPJPY,Time=14,Global Correct=1} => {TP=1}",0.0018348623853211,1,0.0018348623853211,2.80927835051546,1
"245","{Time=14,Local Correct=1,Global Correct=0} => {TP=1}",0.0055045871559633,0.75,0.0073394495412844,2.1069587628866,3
"246","{Time=14,Local Correct=1,Global Correct=1} => {TP=1}",0.0073394495412844,1,0.0073394495412844,2.80927835051546,4
"247","{Time=14,Local Correct=0,Global Correct=0} => {TP=1}",0.0055045871559633,0.6,0.00917431192660551,1.68556701030928,3
"248","{Time=14,Local Correct=0,Global Correct=1} => {TP=1}",0.0036697247706422,0.5,0.0073394495412844,1.40463917525773,2
"249","{Pair=XAUUSD,Time=4,Global Correct=1} => {TP=1}",0.0036697247706422,0.666666666666667,0.0055045871559633,1.87285223367698,2
"250","{Pair=XAUUSD,Time=4,Local Correct=0} => {TP=1}",0.0036697247706422,0.5,0.0073394495412844,1.40463917525773,2
"251","{Pair=AUDNZD,Time=4,Local Correct=1} => {TP=1}",0.0018348623853211,1,0.0018348623853211,2.80927835051546,1
"252","{Pair=AUDNZD,Time=4,Global Correct=0} => {TP=1}",0.0018348623853211,0.5,0.0036697247706422,1.40463917525773,1
"253","{Pair=AUDNZD,Time=4,Global Correct=1} => {TP=1}",0.0018348623853211,1,0.0018348623853211,2.80927835051546,1
"254","{Pair=AUDNZD,Time=4,Local Correct=0} => {TP=1}",0.0018348623853211,0.5,0.0036697247706422,1.40463917525773,1
"255","{Pair=EURCAD,Time=4,Local Correct=1} => {TP=1}",0.0018348623853211,1,0.0018348623853211,2.80927835051546,1
"256","{Pair=EURCAD,Time=4,Global Correct=0} => {TP=1}",0.0055045871559633,0.5,0.0110091743119266,1.40463917525773,3
"257","{Pair=EURCAD,Time=4,Global Correct=1} => {TP=1}",0.0018348623853211,0.5,0.0036697247706422,1.40463917525773,1
"258","{Pair=EURCAD,Time=4,Local Correct=0} => {TP=1}",0.0055045871559633,0.428571428571429,0.0128440366972477,1.2039764359352,3
"259","{Pair=GBPJPY,Time=4,Local Correct=1} => {TP=1}",0.0018348623853211,1,0.0018348623853211,2.80927835051546,1
"260","{Pair=GBPJPY,Time=4,Global Correct=1} => {TP=1}",0.0036697247706422,0.666666666666667,0.0055045871559633,1.87285223367698,2
"261","{Pair=GBPJPY,Time=4,Local Correct=0} => {TP=1}",0.0018348623853211,0.333333333333333,0.0055045871559633,0.936426116838488,1
"262","{Time=4,Local Correct=1,Global Correct=0} => {TP=1}",0.0018348623853211,0.5,0.0036697247706422,1.40463917525773,1
"263","{Time=4,Local Correct=1,Global Correct=1} => {TP=1}",0.0036697247706422,1,0.0036697247706422,2.80927835051546,2
"264","{Time=4,Local Correct=0,Global Correct=0} => {TP=1}",0.0055045871559633,0.333333333333333,0.0165137614678899,0.936426116838488,3
"265","{Time=4,Local Correct=0,Global Correct=1} => {TP=1}",0.0073394495412844,0.571428571428571,0.0128440366972477,1.60530191458026,4
"266","{Pair=XAUUSD,Time=19,Local Correct=1} => {TP=1}",0.0036697247706422,0.5,0.0073394495412844,1.40463917525773,2
"267","{Pair=XAUUSD,Time=19,Global Correct=0} => {TP=1}",0.0036697247706422,0.666666666666667,0.0055045871559633,1.87285223367698,2
"268","{Pair=XAUUSD,Time=19,Global Correct=1} => {TP=1}",0.0018348623853211,0.333333333333333,0.0055045871559633,0.936426116838488,1
"269","{Pair=XAUUSD,Time=19,Local Correct=0} => {TP=1}",0.0018348623853211,0.5,0.0036697247706422,1.40463917525773,1
"270","{Pair=AUDNZD,Time=19,Global Correct=0} => {TP=1}",0.0018348623853211,1,0.0018348623853211,2.80927835051546,1
"271","{Pair=EURCAD,Time=19,Local Correct=1} => {TP=1}",0.0018348623853211,0.5,0.0036697247706422,1.40463917525773,1
"272","{Pair=EURCAD,Time=19,Global Correct=0} => {TP=1}",0.0018348623853211,0.333333333333333,0.0055045871559633,0.936426116838488,1
"273","{Pair=EURCAD,Time=19,Global Correct=1} => {TP=1}",0.0036697247706422,0.4,0.00917431192660551,1.12371134020619,2
"274","{Pair=EURCAD,Time=19,Local Correct=0} => {TP=1}",0.0036697247706422,0.333333333333333,0.0110091743119266,0.936426116838488,2
"275","{Time=19,Local Correct=1,Global Correct=0} => {TP=1}",0.0055045871559633,0.6,0.00917431192660551,1.68556701030928,3
"276","{Time=19,Local Correct=0,Global Correct=0} => {TP=1}",0.0036697247706422,0.333333333333333,0.0110091743119266,0.936426116838488,2
"277","{Pair=AUDNZD,Time=3,Local Correct=1} => {TP=1}",0.0055045871559633,0.75,0.0073394495412844,2.1069587628866,3
"278","{Pair=AUDNZD,Time=3,Global Correct=0} => {TP=1}",0.0018348623853211,0.333333333333333,0.0055045871559633,0.936426116838488,1
"279","{Pair=AUDNZD,Time=3,Global Correct=1} => {TP=1}",0.0036697247706422,0.666666666666667,0.0055045871559633,1.87285223367698,2
"280","{Pair=EURCAD,Time=3,Local Correct=1} => {TP=1}",0.0055045871559633,0.6,0.00917431192660551,1.68556701030928,3
"281","{Pair=EURCAD,Time=3,Global Correct=0} => {TP=1}",0.0036697247706422,0.5,0.0073394495412844,1.40463917525773,2
"282","{Pair=EURCAD,Time=3,Global Correct=1} => {TP=1}",0.0055045871559633,0.5,0.0110091743119266,1.40463917525773,3
"283","{Pair=EURCAD,Time=3,Local Correct=0} => {TP=1}",0.0036697247706422,0.4,0.00917431192660551,1.12371134020619,2
"284","{Pair=GBPJPY,Time=3,Local Correct=1} => {TP=1}",0.0036697247706422,0.5,0.0073394495412844,1.40463917525773,2
"285","{Pair=GBPJPY,Time=3,Global Correct=1} => {TP=1}",0.0055045871559633,0.6,0.00917431192660551,1.68556701030928,3
"286","{Pair=GBPJPY,Time=3,Local Correct=0} => {TP=1}",0.0018348623853211,0.5,0.0036697247706422,1.40463917525773,1
"287","{Time=3,Local Correct=1,Global Correct=0} => {TP=1}",0.0036697247706422,0.5,0.0073394495412844,1.40463917525773,2
"288","{Time=3,Local Correct=1,Global Correct=1} => {TP=1}",0.0110091743119266,0.666666666666667,0.0165137614678899,1.87285223367698,6
"289","{Time=3,Local Correct=0,Global Correct=1} => {TP=1}",0.0036697247706422,0.4,0.00917431192660551,1.12371134020619,2
"290","{Pair=XAUUSD,Time=2,Local Correct=1} => {TP=1}",0.0036697247706422,1,0.0036697247706422,2.80927835051546,2
"291","{Pair=XAUUSD,Time=2,Global Correct=1} => {TP=1}",0.0036697247706422,0.666666666666667,0.0055045871559633,1.87285223367698,2
"292","{Pair=AUDNZD,Time=2,Local Correct=1} => {TP=1}",0.0018348623853211,0.5,0.0036697247706422,1.40463917525773,1
"293","{Pair=AUDNZD,Time=2,Global Correct=0} => {TP=1}",0.0018348623853211,1,0.0018348623853211,2.80927835051546,1
"294","{Pair=AUDNZD,Time=2,Global Correct=1} => {TP=1}",0.0036697247706422,0.333333333333333,0.0110091743119266,0.936426116838488,2
"295","{Pair=AUDNZD,Time=2,Local Correct=0} => {TP=1}",0.0036697247706422,0.4,0.00917431192660551,1.12371134020619,2
"296","{Pair=EURCAD,Time=2,Local Correct=1} => {TP=1}",0.0036697247706422,0.5,0.0073394495412844,1.40463917525773,2
"297","{Pair=EURCAD,Time=2,Global Correct=1} => {TP=1}",0.0036697247706422,0.333333333333333,0.0110091743119266,0.936426116838488,2
"298","{Pair=GBPJPY,Time=2,Local Correct=1} => {TP=1}",0.0018348623853211,0.5,0.0036697247706422,1.40463917525773,1
"299","{Pair=GBPJPY,Time=2,Global Correct=1} => {TP=1}",0.0036697247706422,0.5,0.0073394495412844,1.40463917525773,2
"300","{Time=2,Local Correct=1,Global Correct=0} => {TP=1}",0.0036697247706422,0.666666666666667,0.0055045871559633,1.87285223367698,2
"301","{Time=2,Local Correct=1,Global Correct=1} => {TP=1}",0.0073394495412844,0.571428571428571,0.0128440366972477,1.60530191458026,4
"302","{Time=2,Local Correct=0,Global Correct=1} => {TP=1}",0.0073394495412844,0.333333333333333,0.0220183486238532,0.936426116838488,4
"303","{Pair=XAUUSD,Time=18,Local Correct=0} => {TP=1}",0.0055045871559633,0.333333333333333,0.0165137614678899,0.936426116838488,3
"304","{Pair=AUDNZD,Time=18,Local Correct=1} => {TP=1}",0.0055045871559633,1,0.0055045871559633,2.80927835051546,3
"305","{Pair=AUDNZD,Time=18,Global Correct=0} => {TP=1}",0.00917431192660551,0.625,0.0146788990825688,1.75579896907216,5
"306","{Pair=AUDNZD,Time=18,Global Correct=1} => {TP=1}",0.0018348623853211,0.5,0.0036697247706422,1.40463917525773,1
"307","{Pair=AUDNZD,Time=18,Local Correct=0} => {TP=1}",0.0055045871559633,0.428571428571429,0.0128440366972477,1.2039764359352,3
"308","{Pair=EURCAD,Time=18,Global Correct=0} => {TP=1}",0.0018348623853211,1,0.0018348623853211,2.80927835051546,1
"309","{Pair=EURCAD,Time=18,Local Correct=0} => {TP=1}",0.0018348623853211,1,0.0018348623853211,2.80927835051546,1
"310","{Pair=GBPJPY,Time=18,Local Correct=1} => {TP=1}",0.00917431192660551,0.833333333333333,0.0110091743119266,2.34106529209622,5
"311","{Pair=GBPJPY,Time=18,Global Correct=0} => {TP=1}",0.00917431192660551,0.714285714285714,0.0128440366972477,2.00662739322533,5
"312","{Time=18,Local Correct=1,Global Correct=0} => {TP=1}",0.0146788990825688,0.666666666666667,0.0220183486238532,1.87285223367698,8
"313","{Time=18,Local Correct=0,Global Correct=0} => {TP=1}",0.0073394495412844,0.4,0.018348623853211,1.12371134020619,4
"314","{Time=18,Local Correct=0,Global Correct=1} => {TP=1}",0.0055045871559633,0.375,0.0146788990825688,1.0534793814433,3
"315","{Pair=XAUUSD,Time=6,Global Correct=0} => {TP=1}",0.0036697247706422,0.5,0.0073394495412844,1.40463917525773,2
"316","{Pair=XAUUSD,Time=6,Local Correct=0} => {TP=1}",0.0036697247706422,0.5,0.0073394495412844,1.40463917525773,2
"317","{Pair=AUDNZD,Time=6,Local Correct=1} => {TP=1}",0.0018348623853211,0.5,0.0036697247706422,1.40463917525773,1
"318","{Pair=EURCAD,Time=6,Local Correct=1} => {TP=1}",0.0018348623853211,1,0.0018348623853211,2.80927835051546,1
"319","{Pair=EURCAD,Time=6,Global Correct=0} => {TP=1}",0.0036697247706422,0.4,0.00917431192660551,1.12371134020619,2
"320","{Time=6,Local Correct=1,Global Correct=1} => {TP=1}",0.0036697247706422,0.5,0.0073394495412844,1.40463917525773,2
"321","{Time=6,Local Correct=0,Global Correct=0} => {TP=1}",0.0073394495412844,0.333333333333333,0.0220183486238532,0.936426116838488,4
"322","{Pair=XAUUSD,Time=1,Global Correct=0} => {TP=1}",0.0036697247706422,0.666666666666667,0.0055045871559633,1.87285223367698,2
"323","{Pair=XAUUSD,Time=1,Local Correct=0} => {TP=1}",0.0055045871559633,0.375,0.0146788990825688,1.0534793814433,3
"324","{Pair=AUDNZD,Time=1,Global Correct=0} => {TP=1}",0.0036697247706422,1,0.0036697247706422,2.80927835051546,2
"325","{Pair=AUDNZD,Time=1,Global Correct=1} => {TP=1}",0.0018348623853211,1,0.0018348623853211,2.80927835051546,1
"326","{Pair=AUDNZD,Time=1,Local Correct=0} => {TP=1}",0.0055045871559633,1,0.0055045871559633,2.80927835051546,3
"327","{Pair=EURCAD,Time=1,Local Correct=1} => {TP=1}",0.0036697247706422,0.5,0.0073394495412844,1.40463917525773,2
"328","{Pair=EURCAD,Time=1,Global Correct=0} => {TP=1}",0.0018348623853211,0.333333333333333,0.0055045871559633,0.936426116838488,1
"329","{Pair=EURCAD,Time=1,Global Correct=1} => {TP=1}",0.0036697247706422,0.5,0.0073394495412844,1.40463917525773,2
"330","{Pair=EURCAD,Time=1,Local Correct=0} => {TP=1}",0.0018348623853211,0.333333333333333,0.0055045871559633,0.936426116838488,1
"331","{Pair=GBPJPY,Time=1,Global Correct=0} => {TP=1}",0.0036697247706422,0.4,0.00917431192660551,1.12371134020619,2
"332","{Time=1,Local Correct=1,Global Correct=0} => {TP=1}",0.0018348623853211,0.333333333333333,0.0055045871559633,0.936426116838488,1
"333","{Time=1,Local Correct=0,Global Correct=0} => {TP=1}",0.0110091743119266,0.6,0.018348623853211,1.68556701030928,6
"334","{Pair=XAUUSD,Time=23,Local Correct=1} => {TP=1}",0.00917431192660551,0.714285714285714,0.0128440366972477,2.00662739322533,5
"335","{Pair=XAUUSD,Time=23,Global Correct=0} => {TP=1}",0.0055045871559633,0.428571428571429,0.0128440366972477,1.2039764359352,3
"336","{Pair=XAUUSD,Time=23,Global Correct=1} => {TP=1}",0.0055045871559633,0.333333333333333,0.0165137614678899,0.936426116838488,3
"337","{Pair=AUDNZD,Time=23,Local Correct=1} => {TP=1}",0.0018348623853211,1,0.0018348623853211,2.80927835051546,1
"338","{Pair=AUDNZD,Time=23,Global Correct=0} => {TP=1}",0.0018348623853211,1,0.0018348623853211,2.80927835051546,1
"339","{Pair=GBPJPY,Time=23,Local Correct=1} => {TP=1}",0.0036697247706422,0.4,0.00917431192660551,1.12371134020619,2
"340","{Pair=GBPJPY,Time=23,Global Correct=0} => {TP=1}",0.0055045871559633,0.3,0.018348623853211,0.842783505154639,3
"341","{Time=23,Local Correct=1,Global Correct=0} => {TP=1}",0.0110091743119266,0.5,0.0220183486238532,1.40463917525773,6
"342","{Time=23,Local Correct=1,Global Correct=1} => {TP=1}",0.0036697247706422,0.666666666666667,0.0055045871559633,1.87285223367698,2
"343","{Pair=AUDNZD,Time=7,Global Correct=0} => {TP=1}",0.0055045871559633,0.3,0.018348623853211,0.842783505154639,3
"344","{Pair=EURCAD,Time=7,Local Correct=1} => {TP=1}",0.0036697247706422,0.5,0.0073394495412844,1.40463917525773,2
"345","{Pair=EURCAD,Time=7,Global Correct=0} => {TP=1}",0.0036697247706422,0.666666666666667,0.0055045871559633,1.87285223367698,2
"346","{Pair=EURCAD,Time=7,Local Correct=0} => {TP=1}",0.0055045871559633,0.3,0.018348623853211,0.842783505154639,3
"347","{Time=7,Local Correct=1,Global Correct=1} => {TP=1}",0.0036697247706422,0.333333333333333,0.0110091743119266,0.936426116838488,2
"348","{Time=7,Local Correct=0,Global Correct=0} => {TP=1}",0.0110091743119266,0.333333333333333,0.0330275229357798,0.936426116838488,6
"349","{Pair=XAUUSD,Time=0,Global Correct=1} => {TP=1}",0.0036697247706422,0.4,0.00917431192660551,1.12371134020619,2
"350","{Pair=XAUUSD,Time=0,Local Correct=0} => {TP=1}",0.0036697247706422,0.5,0.0073394495412844,1.40463917525773,2
"351","{Pair=AUDNZD,Time=0,Local Correct=1} => {TP=1}",0.0018348623853211,0.333333333333333,0.0055045871559633,0.936426116838488,1
"352","{Pair=AUDNZD,Time=0,Global Correct=0} => {TP=1}",0.0036697247706422,0.666666666666667,0.0055045871559633,1.87285223367698,2
"353","{Pair=EURCAD,Time=0,Local Correct=1} => {TP=1}",0.0036697247706422,0.333333333333333,0.0110091743119266,0.936426116838488,2
"354","{Pair=EURCAD,Time=0,Global Correct=0} => {TP=1}",0.0073394495412844,0.363636363636364,0.0201834862385321,1.02155576382381,4
"355","{Pair=EURCAD,Time=0,Local Correct=0} => {TP=1}",0.0073394495412844,0.307692307692308,0.0238532110091743,0.864393338620143,4
"356","{Pair=GBPJPY,Time=0,Local Correct=1} => {TP=1}",0.0073394495412844,0.8,0.00917431192660551,2.24742268041237,4
"357","{Pair=GBPJPY,Time=0,Global Correct=0} => {TP=1}",0.0055045871559633,0.375,0.0146788990825688,1.0534793814433,3
"358","{Pair=GBPJPY,Time=0,Global Correct=1} => {TP=1}",0.0073394495412844,0.363636363636364,0.0201834862385321,1.02155576382381,4
"359","{Time=0,Local Correct=1,Global Correct=0} => {TP=1}",0.00917431192660551,0.5,0.018348623853211,1.40463917525773,5
"360","{Time=0,Local Correct=1,Global Correct=1} => {TP=1}",0.0055045871559633,0.333333333333333,0.0165137614678899,0.936426116838488,3
"361","{Time=0,Local Correct=0,Global Correct=0} => {TP=1}",0.00917431192660551,0.3125,0.0293577981651376,0.877899484536082,5
"362","{Pair=XAUUSD,Time=5,Local Correct=1} => {TP=1}",0.0055045871559633,0.375,0.0146788990825688,1.0534793814433,3
"363","{Pair=XAUUSD,Time=5,Global Correct=0} => {TP=1}",0.00917431192660551,0.384615384615385,0.0238532110091743,1.08049167327518,5
"364","{Pair=XAUUSD,Time=5,Global Correct=1} => {TP=1}",0.0110091743119266,0.545454545454545,0.0201834862385321,1.53233364573571,6
"365","{Pair=XAUUSD,Time=5,Local Correct=0} => {TP=1}",0.0146788990825688,0.5,0.0293577981651376,1.40463917525773,8
"366","{Pair=AUDNZD,Time=5,Local Correct=1} => {TP=1}",0.0018348623853211,0.333333333333333,0.0055045871559633,0.936426116838488,1
"367","{Pair=AUDNZD,Time=5,Global Correct=0} => {TP=1}",0.0036697247706422,0.4,0.00917431192660551,1.12371134020619,2
"368","{Pair=AUDNZD,Time=5,Global Correct=1} => {TP=1}",0.0036697247706422,0.333333333333333,0.0110091743119266,0.936426116838488,2
"369","{Pair=AUDNZD,Time=5,Local Correct=0} => {TP=1}",0.0055045871559633,0.375,0.0146788990825688,1.0534793814433,3
"370","{Pair=EURCAD,Time=5,Global Correct=0} => {TP=1}",0.0055045871559633,0.5,0.0110091743119266,1.40463917525773,3
"371","{Pair=GBPJPY,Time=5,Local Correct=1} => {TP=1}",0.0036697247706422,0.666666666666667,0.0055045871559633,1.87285223367698,2
"372","{Pair=GBPJPY,Time=5,Global Correct=0} => {TP=1}",0.0055045871559633,0.6,0.00917431192660551,1.68556701030928,3
"373","{Time=5,Local Correct=1,Global Correct=0} => {TP=1}",0.0110091743119266,0.428571428571429,0.0256880733944954,1.2039764359352,6
"374","{Time=5,Local Correct=0,Global Correct=0} => {TP=1}",0.0128440366972477,0.466666666666667,0.0275229357798165,1.31099656357388,7
"375","{Pair=XAUUSD,Local Correct=1,Global Correct=0} => {TP=1}",0.0165137614678899,0.333333333333333,0.0495412844036697,0.936426116838488,9
"376","{Pair=XAUUSD,Local Correct=1,Global Correct=1} => {TP=1}",0.0165137614678899,0.45,0.036697247706422,1.26417525773196,9
"377","{Pair=XAUUSD,Local Correct=0,Global Correct=0} => {TP=1}",0.018348623853211,0.303030303030303,0.0605504587155963,0.851296469853171,10
"378","{Pair=XAUUSD,Local Correct=0,Global Correct=1} => {TP=1}",0.0275229357798165,0.306122448979592,0.0899082568807339,0.859983168525142,15
"379","{Pair=AUDNZD,Local Correct=1,Global Correct=0} => {TP=1}",0.0348623853211009,0.730769230769231,0.0477064220183486,2.05293417922284,19
"380","{Pair=AUDNZD,Local Correct=1,Global Correct=1} => {TP=1}",0.0201834862385321,0.423076923076923,0.0477064220183486,1.1885408406027,11
"381","{Pair=AUDNZD,Local Correct=0,Global Correct=0} => {TP=1}",0.0275229357798165,0.357142857142857,0.0770642201834862,1.00331369661267,15
"382","{Pair=AUDNZD,Local Correct=0,Global Correct=1} => {TP=1}",0.0275229357798165,0.357142857142857,0.0770642201834862,1.00331369661267,15
"383","{Pair=EURCAD,Local Correct=1,Global Correct=0} => {TP=1}",0.0146788990825688,0.444444444444444,0.0330275229357798,1.24856815578465,8
"384","{Pair=EURCAD,Local Correct=1,Global Correct=1} => {TP=1}",0.0220183486238532,0.5,0.0440366972477064,1.40463917525773,12
"385","{Pair=EURCAD,Local Correct=0,Global Correct=0} => {TP=1}",0.0330275229357798,0.346153846153846,0.0954128440366973,0.972442505947661,18
"386","{Pair=GBPJPY,Local Correct=1,Global Correct=0} => {TP=1}",0.0311926605504587,0.548387096774194,0.0568807339449541,1.54057199866977,17
"387","{Pair=GBPJPY,Local Correct=1,Global Correct=1} => {TP=1}",0.0146788990825688,0.4,0.036697247706422,1.12371134020619,8
"388","{Pair=EURCAD,Time=10,Local Correct=0,Global Correct=0} => {TP=1}",0.0018348623853211,0.333333333333333,0.0055045871559633,0.936426116838488,1
"389","{Pair=AUDNZD,Time=13,Local Correct=1,Global Correct=0} => {TP=1}",0.0018348623853211,0.5,0.0036697247706422,1.40463917525773,1
"390","{Pair=AUDNZD,Time=13,Local Correct=0,Global Correct=1} => {TP=1}",0.0018348623853211,1,0.0018348623853211,2.80927835051546,1
"391","{Pair=AUDNZD,Time=15,Local Correct=0,Global Correct=0} => {TP=1}",0.0018348623853211,0.333333333333333,0.0055045871559633,0.936426116838488,1
"392","{Pair=AUDNZD,Time=15,Local Correct=0,Global Correct=1} => {TP=1}",0.0018348623853211,0.5,0.0036697247706422,1.40463917525773,1
"393","{Pair=GBPJPY,Time=15,Local Correct=1,Global Correct=1} => {TP=1}",0.0018348623853211,1,0.0018348623853211,2.80927835051546,1
"394","{Pair=GBPJPY,Time=15,Local Correct=0,Global Correct=1} => {TP=1}",0.0018348623853211,1,0.0018348623853211,2.80927835051546,1
"395","{Pair=XAUUSD,Time=9,Local Correct=0,Global Correct=1} => {TP=1}",0.0018348623853211,0.5,0.0036697247706422,1.40463917525773,1
"396","{Pair=EURCAD,Time=9,Local Correct=0,Global Correct=0} => {TP=1}",0.0018348623853211,1,0.0018348623853211,2.80927835051546,1
"397","{Pair=GBPJPY,Time=9,Local Correct=0,Global Correct=0} => {TP=1}",0.0018348623853211,1,0.0018348623853211,2.80927835051546,1
"398","{Pair=XAUUSD,Time=8,Local Correct=1,Global Correct=0} => {TP=1}",0.0036697247706422,1,0.0036697247706422,2.80927835051546,2
"399","{Pair=EURCAD,Time=8,Local Correct=1,Global Correct=0} => {TP=1}",0.0018348623853211,1,0.0018348623853211,2.80927835051546,1
"400","{Pair=AUDNZD,Time=12,Local Correct=1,Global Correct=0} => {TP=1}",0.0018348623853211,0.333333333333333,0.0055045871559633,0.936426116838488,1
"401","{Pair=AUDNZD,Time=12,Local Correct=1,Global Correct=1} => {TP=1}",0.0018348623853211,1,0.0018348623853211,2.80927835051546,1
"402","{Pair=AUDNZD,Time=12,Local Correct=0,Global Correct=1} => {TP=1}",0.0018348623853211,1,0.0018348623853211,2.80927835051546,1
"403","{Pair=EURCAD,Time=12,Local Correct=1,Global Correct=1} => {TP=1}",0.0018348623853211,1,0.0018348623853211,2.80927835051546,1
"404","{Pair=XAUUSD,Time=21,Local Correct=0,Global Correct=0} => {TP=1}",0.0018348623853211,1,0.0018348623853211,2.80927835051546,1
"405","{Pair=AUDNZD,Time=21,Local Correct=1,Global Correct=0} => {TP=1}",0.0018348623853211,1,0.0018348623853211,2.80927835051546,1
"406","{Pair=AUDNZD,Time=21,Local Correct=1,Global Correct=1} => {TP=1}",0.0018348623853211,0.5,0.0036697247706422,1.40463917525773,1
"407","{Pair=GBPJPY,Time=21,Local Correct=0,Global Correct=1} => {TP=1}",0.0018348623853211,0.333333333333333,0.0055045871559633,0.936426116838488,1
"408","{Pair=AUDNZD,Time=17,Local Correct=1,Global Correct=0} => {TP=1}",0.0018348623853211,1,0.0018348623853211,2.80927835051546,1
"409","{Pair=EURCAD,Time=17,Local Correct=1,Global Correct=0} => {TP=1}",0.0018348623853211,1,0.0018348623853211,2.80927835051546,1
"410","{Pair=GBPJPY,Time=17,Local Correct=1,Global Correct=0} => {TP=1}",0.0055045871559633,1,0.0055045871559633,2.80927835051546,3
"411","{Pair=GBPJPY,Time=17,Local Correct=0,Global Correct=0} => {TP=1}",0.0018348623853211,1,0.0018348623853211,2.80927835051546,1
"412","{Pair=GBPJPY,Time=17,Local Correct=0,Global Correct=1} => {TP=1}",0.0018348623853211,1,0.0018348623853211,2.80927835051546,1
"413","{Pair=XAUUSD,Time=20,Local Correct=1,Global Correct=1} => {TP=1}",0.0018348623853211,1,0.0018348623853211,2.80927835051546,1
"414","{Pair=AUDNZD,Time=20,Local Correct=1,Global Correct=0} => {TP=1}",0.0018348623853211,1,0.0018348623853211,2.80927835051546,1
"415","{Pair=AUDNZD,Time=20,Local Correct=0,Global Correct=1} => {TP=1}",0.0036697247706422,1,0.0036697247706422,2.80927835051546,2
"416","{Pair=EURCAD,Time=20,Local Correct=0,Global Correct=0} => {TP=1}",0.0018348623853211,0.5,0.0036697247706422,1.40463917525773,1
"417","{Pair=GBPJPY,Time=20,Local Correct=1,Global Correct=0} => {TP=1}",0.0018348623853211,1,0.0018348623853211,2.80927835051546,1
"418","{Pair=GBPJPY,Time=20,Local Correct=0,Global Correct=1} => {TP=1}",0.0036697247706422,0.666666666666667,0.0055045871559633,1.87285223367698,2
"419","{Pair=XAUUSD,Time=22,Local Correct=1,Global Correct=1} => {TP=1}",0.0036697247706422,1,0.0036697247706422,2.80927835051546,2
"420","{Pair=AUDNZD,Time=22,Local Correct=1,Global Correct=0} => {TP=1}",0.0036697247706422,1,0.0036697247706422,2.80927835051546,2
"421","{Pair=EURCAD,Time=22,Local Correct=0,Global Correct=1} => {TP=1}",0.0018348623853211,1,0.0018348623853211,2.80927835051546,1
"422","{Pair=GBPJPY,Time=22,Local Correct=1,Global Correct=0} => {TP=1}",0.0018348623853211,0.5,0.0036697247706422,1.40463917525773,1
"423","{Pair=AUDNZD,Time=11,Local Correct=1,Global Correct=1} => {TP=1}",0.0055045871559633,1,0.0055045871559633,2.80927835051546,3
"424","{Pair=AUDNZD,Time=11,Local Correct=0,Global Correct=0} => {TP=1}",0.0018348623853211,0.333333333333333,0.0055045871559633,0.936426116838488,1
"425","{Pair=AUDNZD,Time=11,Local Correct=0,Global Correct=1} => {TP=1}",0.0018348623853211,1,0.0018348623853211,2.80927835051546,1
"426","{Pair=AUDNZD,Time=14,Local Correct=1,Global Correct=0} => {TP=1}",0.0055045871559633,1,0.0055045871559633,2.80927835051546,3
"427","{Pair=AUDNZD,Time=14,Local Correct=1,Global Correct=1} => {TP=1}",0.0036697247706422,1,0.0036697247706422,2.80927835051546,2
"428","{Pair=AUDNZD,Time=14,Local Correct=0,Global Correct=0} => {TP=1}",0.0055045871559633,0.6,0.00917431192660551,1.68556701030928,3
"429","{Pair=AUDNZD,Time=14,Local Correct=0,Global Correct=1} => {TP=1}",0.0036697247706422,0.5,0.0073394495412844,1.40463917525773,2
"430","{Pair=EURCAD,Time=14,Local Correct=1,Global Correct=1} => {TP=1}",0.0018348623853211,1,0.0018348623853211,2.80927835051546,1
"431","{Pair=GBPJPY,Time=14,Local Correct=1,Global Correct=1} => {TP=1}",0.0018348623853211,1,0.0018348623853211,2.80927835051546,1
"432","{Pair=XAUUSD,Time=4,Local Correct=0,Global Correct=1} => {TP=1}",0.0036697247706422,0.666666666666667,0.0055045871559633,1.87285223367698,2
"433","{Pair=AUDNZD,Time=4,Local Correct=1,Global Correct=1} => {TP=1}",0.0018348623853211,1,0.0018348623853211,2.80927835051546,1
"434","{Pair=AUDNZD,Time=4,Local Correct=0,Global Correct=0} => {TP=1}",0.0018348623853211,0.5,0.0036697247706422,1.40463917525773,1
"435","{Pair=EURCAD,Time=4,Local Correct=1,Global Correct=0} => {TP=1}",0.0018348623853211,1,0.0018348623853211,2.80927835051546,1
"436","{Pair=EURCAD,Time=4,Local Correct=0,Global Correct=0} => {TP=1}",0.0036697247706422,0.4,0.00917431192660551,1.12371134020619,2
"437","{Pair=EURCAD,Time=4,Local Correct=0,Global Correct=1} => {TP=1}",0.0018348623853211,0.5,0.0036697247706422,1.40463917525773,1
"438","{Pair=GBPJPY,Time=4,Local Correct=1,Global Correct=1} => {TP=1}",0.0018348623853211,1,0.0018348623853211,2.80927835051546,1
"439","{Pair=GBPJPY,Time=4,Local Correct=0,Global Correct=1} => {TP=1}",0.0018348623853211,0.5,0.0036697247706422,1.40463917525773,1
"440","{Pair=XAUUSD,Time=19,Local Correct=1,Global Correct=0} => {TP=1}",0.0036697247706422,0.666666666666667,0.0055045871559633,1.87285223367698,2
"441","{Pair=XAUUSD,Time=19,Local Correct=0,Global Correct=1} => {TP=1}",0.0018348623853211,0.5,0.0036697247706422,1.40463917525773,1
"442","{Pair=AUDNZD,Time=19,Local Correct=1,Global Correct=0} => {TP=1}",0.0018348623853211,1,0.0018348623853211,2.80927835051546,1
"443","{Pair=EURCAD,Time=19,Local Correct=1,Global Correct=1} => {TP=1}",0.0018348623853211,0.5,0.0036697247706422,1.40463917525773,1
"444","{Pair=EURCAD,Time=19,Local Correct=0,Global Correct=0} => {TP=1}",0.0018348623853211,0.333333333333333,0.0055045871559633,0.936426116838488,1
"445","{Pair=EURCAD,Time=19,Local Correct=0,Global Correct=1} => {TP=1}",0.0018348623853211,0.333333333333333,0.0055045871559633,0.936426116838488,1
"446","{Pair=GBPJPY,Time=19,Local Correct=0,Global Correct=0} => {TP=1}",0.0018348623853211,0.333333333333333,0.0055045871559633,0.936426116838488,1
"447","{Pair=AUDNZD,Time=3,Local Correct=1,Global Correct=0} => {TP=1}",0.0018348623853211,1,0.0018348623853211,2.80927835051546,1
"448","{Pair=AUDNZD,Time=3,Local Correct=1,Global Correct=1} => {TP=1}",0.0036697247706422,0.666666666666667,0.0055045871559633,1.87285223367698,2
"449","{Pair=EURCAD,Time=3,Local Correct=1,Global Correct=0} => {TP=1}",0.0018348623853211,0.5,0.0036697247706422,1.40463917525773,1
"450","{Pair=EURCAD,Time=3,Local Correct=1,Global Correct=1} => {TP=1}",0.0036697247706422,0.666666666666667,0.0055045871559633,1.87285223367698,2
"451","{Pair=EURCAD,Time=3,Local Correct=0,Global Correct=0} => {TP=1}",0.0018348623853211,0.5,0.0036697247706422,1.40463917525773,1
"452","{Pair=EURCAD,Time=3,Local Correct=0,Global Correct=1} => {TP=1}",0.0018348623853211,0.333333333333333,0.0055045871559633,0.936426116838488,1
"453","{Pair=GBPJPY,Time=3,Local Correct=1,Global Correct=1} => {TP=1}",0.0036697247706422,0.666666666666667,0.0055045871559633,1.87285223367698,2
"454","{Pair=GBPJPY,Time=3,Local Correct=0,Global Correct=1} => {TP=1}",0.0018348623853211,0.5,0.0036697247706422,1.40463917525773,1
"455","{Pair=XAUUSD,Time=2,Local Correct=1,Global Correct=1} => {TP=1}",0.0036697247706422,1,0.0036697247706422,2.80927835051546,2
"456","{Pair=AUDNZD,Time=2,Local Correct=1,Global Correct=0} => {TP=1}",0.0018348623853211,1,0.0018348623853211,2.80927835051546,1
"457","{Pair=AUDNZD,Time=2,Local Correct=0,Global Correct=1} => {TP=1}",0.0036697247706422,0.4,0.00917431192660551,1.12371134020619,2
"458","{Pair=EURCAD,Time=2,Local Correct=1,Global Correct=0} => {TP=1}",0.0018348623853211,0.5,0.0036697247706422,1.40463917525773,1
"459","{Pair=EURCAD,Time=2,Local Correct=1,Global Correct=1} => {TP=1}",0.0018348623853211,0.5,0.0036697247706422,1.40463917525773,1
"460","{Pair=GBPJPY,Time=2,Local Correct=1,Global Correct=1} => {TP=1}",0.0018348623853211,0.5,0.0036697247706422,1.40463917525773,1
"461","{Pair=GBPJPY,Time=2,Local Correct=0,Global Correct=1} => {TP=1}",0.0018348623853211,0.5,0.0036697247706422,1.40463917525773,1
"462","{Pair=XAUUSD,Time=18,Local Correct=0,Global Correct=0} => {TP=1}",0.0018348623853211,0.333333333333333,0.0055045871559633,0.936426116838488,1
"463","{Pair=XAUUSD,Time=18,Local Correct=0,Global Correct=1} => {TP=1}",0.0036697247706422,0.333333333333333,0.0110091743119266,0.936426116838488,2
"464","{Pair=AUDNZD,Time=18,Local Correct=1,Global Correct=0} => {TP=1}",0.0055045871559633,1,0.0055045871559633,2.80927835051546,3
"465","{Pair=AUDNZD,Time=18,Local Correct=0,Global Correct=0} => {TP=1}",0.0036697247706422,0.4,0.00917431192660551,1.12371134020619,2
"466","{Pair=AUDNZD,Time=18,Local Correct=0,Global Correct=1} => {TP=1}",0.0018348623853211,0.5,0.0036697247706422,1.40463917525773,1
"467","{Pair=EURCAD,Time=18,Local Correct=0,Global Correct=0} => {TP=1}",0.0018348623853211,1,0.0018348623853211,2.80927835051546,1
"468","{Pair=GBPJPY,Time=18,Local Correct=1,Global Correct=0} => {TP=1}",0.00917431192660551,0.833333333333333,0.0110091743119266,2.34106529209622,5
"469","{Pair=XAUUSD,Time=6,Local Correct=0,Global Correct=0} => {TP=1}",0.0036697247706422,0.666666666666667,0.0055045871559633,1.87285223367698,2
"470","{Pair=AUDNZD,Time=6,Local Correct=1,Global Correct=1} => {TP=1}",0.0018348623853211,1,0.0018348623853211,2.80927835051546,1
"471","{Pair=EURCAD,Time=6,Local Correct=1,Global Correct=1} => {TP=1}",0.0018348623853211,1,0.0018348623853211,2.80927835051546,1
"472","{Pair=EURCAD,Time=6,Local Correct=0,Global Correct=0} => {TP=1}",0.0036697247706422,0.4,0.00917431192660551,1.12371134020619,2
"473","{Pair=XAUUSD,Time=1,Local Correct=0,Global Correct=0} => {TP=1}",0.0036697247706422,0.666666666666667,0.0055045871559633,1.87285223367698,2
"474","{Pair=AUDNZD,Time=1,Local Correct=0,Global Correct=0} => {TP=1}",0.0036697247706422,1,0.0036697247706422,2.80927835051546,2
"475","{Pair=AUDNZD,Time=1,Local Correct=0,Global Correct=1} => {TP=1}",0.0018348623853211,1,0.0018348623853211,2.80927835051546,1
"476","{Pair=EURCAD,Time=1,Local Correct=1,Global Correct=1} => {TP=1}",0.0036697247706422,0.666666666666667,0.0055045871559633,1.87285223367698,2
"477","{Pair=EURCAD,Time=1,Local Correct=0,Global Correct=0} => {TP=1}",0.0018348623853211,0.5,0.0036697247706422,1.40463917525773,1
"478","{Pair=GBPJPY,Time=1,Local Correct=1,Global Correct=0} => {TP=1}",0.0018348623853211,0.5,0.0036697247706422,1.40463917525773,1
"479","{Pair=GBPJPY,Time=1,Local Correct=0,Global Correct=0} => {TP=1}",0.0018348623853211,0.333333333333333,0.0055045871559633,0.936426116838488,1
"480","{Pair=XAUUSD,Time=23,Local Correct=1,Global Correct=0} => {TP=1}",0.0055045871559633,0.6,0.00917431192660551,1.68556701030928,3
"481","{Pair=XAUUSD,Time=23,Local Correct=1,Global Correct=1} => {TP=1}",0.0036697247706422,1,0.0036697247706422,2.80927835051546,2
"482","{Pair=AUDNZD,Time=23,Local Correct=1,Global Correct=0} => {TP=1}",0.0018348623853211,1,0.0018348623853211,2.80927835051546,1
"483","{Pair=GBPJPY,Time=23,Local Correct=1,Global Correct=0} => {TP=1}",0.0036697247706422,0.5,0.0073394495412844,1.40463917525773,2
"484","{Pair=GBPJPY,Time=23,Local Correct=0,Global Correct=1} => {TP=1}",0.0018348623853211,0.333333333333333,0.0055045871559633,0.936426116838488,1
"485","{Pair=AUDNZD,Time=7,Local Correct=0,Global Correct=0} => {TP=1}",0.0055045871559633,0.375,0.0146788990825688,1.0534793814433,3
"486","{Pair=EURCAD,Time=7,Local Correct=1,Global Correct=1} => {TP=1}",0.0036697247706422,0.5,0.0073394495412844,1.40463917525773,2
"487","{Pair=EURCAD,Time=7,Local Correct=0,Global Correct=0} => {TP=1}",0.0036697247706422,0.666666666666667,0.0055045871559633,1.87285223367698,2
"488","{Pair=XAUUSD,Time=0,Local Correct=1,Global Correct=0} => {TP=1}",0.0018348623853211,0.333333333333333,0.0055045871559633,0.936426116838488,1
"489","{Pair=XAUUSD,Time=0,Local Correct=0,Global Correct=1} => {TP=1}",0.0036697247706422,0.666666666666667,0.0055045871559633,1.87285223367698,2
"490","{Pair=AUDNZD,Time=0,Local Correct=1,Global Correct=0} => {TP=1}",0.0018348623853211,1,0.0018348623853211,2.80927835051546,1
"491","{Pair=AUDNZD,Time=0,Local Correct=0,Global Correct=0} => {TP=1}",0.0018348623853211,0.5,0.0036697247706422,1.40463917525773,1
"492","{Pair=EURCAD,Time=0,Local Correct=1,Global Correct=0} => {TP=1}",0.0018348623853211,0.333333333333333,0.0055045871559633,0.936426116838488,1
"493","{Pair=EURCAD,Time=0,Local Correct=1,Global Correct=1} => {TP=1}",0.0018348623853211,0.333333333333333,0.0055045871559633,0.936426116838488,1
"494","{Pair=EURCAD,Time=0,Local Correct=0,Global Correct=0} => {TP=1}",0.0055045871559633,0.375,0.0146788990825688,1.0534793814433,3
"495","{Pair=GBPJPY,Time=0,Local Correct=1,Global Correct=0} => {TP=1}",0.0036697247706422,0.666666666666667,0.0055045871559633,1.87285223367698,2
"496","{Pair=GBPJPY,Time=0,Local Correct=1,Global Correct=1} => {TP=1}",0.0036697247706422,1,0.0036697247706422,2.80927835051546,2
"497","{Pair=XAUUSD,Time=5,Local Correct=1,Global Correct=1} => {TP=1}",0.0036697247706422,0.666666666666667,0.0055045871559633,1.87285223367698,2
"498","{Pair=XAUUSD,Time=5,Local Correct=0,Global Correct=0} => {TP=1}",0.0073394495412844,0.5,0.0146788990825688,1.40463917525773,4
"499","{Pair=XAUUSD,Time=5,Local Correct=0,Global Correct=1} => {TP=1}",0.0073394495412844,0.5,0.0146788990825688,1.40463917525773,4
"500","{Pair=AUDNZD,Time=5,Local Correct=1,Global Correct=0} => {TP=1}",0.0018348623853211,0.5,0.0036697247706422,1.40463917525773,1
"501","{Pair=AUDNZD,Time=5,Local Correct=0,Global Correct=0} => {TP=1}",0.0018348623853211,0.333333333333333,0.0055045871559633,0.936426116838488,1
"502","{Pair=AUDNZD,Time=5,Local Correct=0,Global Correct=1} => {TP=1}",0.0036697247706422,0.4,0.00917431192660551,1.12371134020619,2
"503","{Pair=EURCAD,Time=5,Local Correct=1,Global Correct=0} => {TP=1}",0.0036697247706422,0.5,0.0073394495412844,1.40463917525773,2
"504","{Pair=EURCAD,Time=5,Local Correct=0,Global Correct=0} => {TP=1}",0.0018348623853211,0.5,0.0036697247706422,1.40463917525773,1
"505","{Pair=GBPJPY,Time=5,Local Correct=1,Global Correct=0} => {TP=1}",0.0036697247706422,0.666666666666667,0.0055045871559633,1.87285223367698,2
"506","{Pair=GBPJPY,Time=5,Local Correct=0,Global Correct=0} => {TP=1}",0.0018348623853211,0.5,0.0036697247706422,1.40463917525773,1
